"DESCRIPTION","DURATION IN MS","NAME","PARENT SUITE","START TIME","STATUS","STOP TIME","SUB SUITE","SUITE","TEST CLASS","TEST METHOD"
"","71","Каждый элемент выдачи findByStatus соответствует схеме Pet","tests","Sun Oct 04 11:41:43 UTC 2026","passed","Sun Oct 04 11:41:43 UTC 2026","TestPetSchema","test_schema","",""
"","209","Удалённый питомец больше недоступен","tests","Sun Oct 04 11:41:42 UTC 2026","passed","Sun Oct 04 11:41:42 UTC 2026","TestPetCrud","test_crud","",""
"","70","GET по несуществующему id возвращает 404 и тело ошибки","tests","Sun Oct 04 11:41:42 UTC 2026","passed","Sun Oct 04 11:41:42 UTC 2026","TestPetNegative","test_negative","",""
"","70","BUG-003: findByStatus принимает несуществующий статус","tests","Sun Oct 04 11:41:43 UTC 2026","skipped","Sun Oct 04 11:41:43 UTC 2026","TestPetNegative","test_negative","",""
"","70","Content-Type ответа — application/json","tests","Sun Oct 04 11:41:43 UTC 2026","passed","Sun Oct 04 11:41:43 UTC 2026","TestPetSchema","test_schema","",""
"","69","Ответ на чтение соответствует схеме Pet","tests","Sun Oct 04 11:41:43 UTC 2026","passed","Sun Oct 04 11:41:43 UTC 2026","TestPetSchema","test_schema","",""
"","70","PUT меняет имя и статус питомца","tests","Sun Oct 04 11:41:41 UTC 2026","passed","Sun Oct 04 11:41:41 UTC 2026","TestPetCrud","test_crud","",""
"","71","Фильтр findByStatus отдаёт только питомцев со статусом «PetStatus.AVAILABLE»","tests","Sun Oct 04 11:41:42 UTC 2026","passed","Sun Oct 04 11:41:42 UTC 2026","TestPetCrud","test_crud","",""
"","70","Фильтр findByStatus отдаёт только питомцев со статусом «PetStatus.PENDING»","tests","Sun Oct 04 11:41:42 UTC 2026","passed","Sun Oct 04 11:41:42 UTC 2026","TestPetCrud","test_crud","",""
"","70","BUG-002: полностью пустое тело принимается со статусом 200","tests","Sun Oct 04 11:41:43 UTC 2026","skipped","Sun Oct 04 11:41:43 UTC 2026","TestPetNegative","test_negative","",""
"","70","DELETE по несуществующему id возвращает 404","tests","Sun Oct 04 11:41:42 UTC 2026","passed","Sun Oct 04 11:41:42 UTC 2026","TestPetNegative","test_negative","",""
"","444","Питомец создаётся и возвращается с теми же полями","tests","Sun Oct 04 11:41:40 UTC 2026","passed","Sun Oct 04 11:41:41 UTC 2026","TestPetCrud","test_crud","",""
"","69","Синтаксически битый JSON отклоняется с 400","tests","Sun Oct 04 11:41:42 UTC 2026","passed","Sun Oct 04 11:41:42 UTC 2026","TestPetNegative","test_negative","",""
"","70","BUG-001: питомец без обязательного name создаётся успешно","tests","Sun Oct 04 11:41:42 UTC 2026","skipped","Sun Oct 04 11:41:43 UTC 2026","TestPetNegative","test_negative","",""
"","140","Изменение статуса на «PetStatus.SOLD» сохраняется при чтении","tests","Sun Oct 04 11:41:42 UTC 2026","passed","Sun Oct 04 11:41:42 UTC 2026","TestPetCrud","test_crud","",""
"","70","Фильтр findByStatus отдаёт только питомцев со статусом «PetStatus.SOLD»","tests","Sun Oct 04 11:41:42 UTC 2026","passed","Sun Oct 04 11:41:42 UTC 2026","TestPetCrud","test_crud","",""
"","140","Изменение статуса на «PetStatus.PENDING» сохраняется при чтении","tests","Sun Oct 04 11:41:41 UTC 2026","passed","Sun Oct 04 11:41:41 UTC 2026","TestPetCrud","test_crud","",""
"","70","Ответ приходит быстрее 5 секунд","tests","Sun Oct 04 11:41:43 UTC 2026","passed","Sun Oct 04 11:41:44 UTC 2026","TestPetSchema","test_schema","",""
"","69","Нечисловой id не приводит к ошибке сервера","tests","Sun Oct 04 11:41:42 UTC 2026","passed","Sun Oct 04 11:41:42 UTC 2026","TestPetNegative","test_negative","",""
"","69","Ответ на создание соответствует схеме Pet","tests","Sun Oct 04 11:41:43 UTC 2026","passed","Sun Oct 04 11:41:43 UTC 2026","TestPetSchema","test_schema","",""
"","70","Созданный питомец доступен по id","tests","Sun Oct 04 11:41:41 UTC 2026","passed","Sun Oct 04 11:41:41 UTC 2026","TestPetCrud","test_crud","",""
